<TICKER>;<PER>;<DATE>;<TIME>;<OPEN>;<HIGH>;<LOW>;<CLOSE>;<VOL>
SBER;D;230329;0;214.86;219.53;213.6;217.99;96549640
SBER;D;230330;0;217.34;218.45;216.12;216.87;40737550
SBER;D;230331;0;217.2;217.35;211.3;216.6;88023190
SBER;D;230403;0;218.45;219.44;214.8;216.09;54788980
SBER;D;230404;0;216.2;217.29;213.8;214.83;45747250
SBER;D;230405;0;214.69;216.3;211.4;216.15;46127960
SBER;D;230406;0;216.3;217.38;214.07;214.25;38993420
SBER;D;230407;0;214.5;216.39;213.65;216.27;29157060
SBER;D;230410;0;217.1;222.26;216.61;222.21;84958930
SBER;D;230411;0;222.9;223.33;217.62;218.6;98349200
SBER;D;230412;0;218.62;219.7;216.67;219.22;44633200
SBER;D;230413;0;219.41;220.89;218;219.85;32580550
SBER;D;230414;0;219.99;222.5;218.51;221.87;43248810
SBER;D;230417;0;222.97;228.2;222.91;228.1;78562510
SBER;D;230418;0;227.89;232.76;227.05;232.66;97459980
SBER;D;230419;0;232.67;237.37;231.1;232.95;115494020
SBER;D;230420;0;233.32;236.47;229.84;236.28;85046740
SBER;D;230421;0;237.4;238.85;233.52;235.17;115606560
SBER;D;230424;0;235.09;236.4;234.1;235.1;30405040
SBER;D;230425;0;235.16;235.82;234.21;235.3;32063750
SBER;D;230426;0;235.55;235.95;234.91;235.21;24351620
SBER;D;230427;0;235.51;240.74;235.13;240.38;68224840
SBER;D;230428;0;240.86;241.58;237.66;240.38;49494960
SBER;D;230502;0;242.2;245;237.4;242.62;83246880
SBER;D;230503;0;242.85;242.99;234;235.77;76740930
SBER;D;230504;0;236.51;239.74;236.05;238.89;53006840
SBER;D;230505;0;239.19;240.66;237.3;237.7;61314710
SBER;D;230508;0;238.65;239.86;237.36;238.27;47676110
SBER;D;230510;0;216.51;227.5;215.7;227.06;154134860
SBER;D;230511;0;228.57;235.38;223.94;229.32;197037380
SBER;D;230512;0;231.05;232.47;226.15;229.29;69831820
SBER;D;230515;0;230.54;231.75;228.52;231.7;48873370
SBER;D;230516;0;232.4;232.86;229.57;230.62;36429340
SBER;D;230517;0;229.86;230.97;228.75;230.55;31635370
SBER;D;230518;0;231.72;234.49;230.72;231.7;55909060
SBER;D;230519;0;230.98;232.3;229.81;231.27;31540330
SBER;D;230522;0;232.2;232.78;230;231;26351890
SBER;D;230523;0;231.24;237.29;230.21;236.43;62996030
SBER;D;230524;0;237.49;246.13;236.26;246.06;85850770
SBER;D;230525;0;246.11;247.4;242.65;243.76;70582820
SBER;D;230526;0;243.49;249.64;242.81;248.1;69113640
SBER;D;230529;0;249.77;252.59;248.85;251.18;67591330
SBER;D;230530;0;248.84;250.85;243.8;244.65;82871290
SBER;D;230531;0;244;247.18;240.27;246.17;72797140
SBER;D;230601;0;247;247;240.57;241.66;51897410
SBER;D;230602;0;242.01;245.5;240.77;243.95;46465000
SBER;D;230605;0;243.51;244.15;235.1;237.12;78650640
SBER;D;230606;0;236;242.1;232.54;240.91;100337100
SBER;D;230607;0;241.23;244.39;238.56;241.25;63082450
SBER;D;230608;0;241.3;242.78;239.55;241.77;29851820
SBER;D;230609;0;242.79;243;240.11;240.4;27458600
SBER;D;230613;0;241.51;244.5;240.63;244.33;40478120
SBER;D;230614;0;245.7;247.68;242.8;244.6;51810860
SBER;D;230615;0;245.12;245.94;243.22;245.18;40015310
SBER;D;230616;0;245.5;245.9;243.7;243.87;23311220
SBER;D;230619;0;244.46;244.69;241.32;242.28;29777860
SBER;D;230620;0;241.95;242.22;238.82;241.74;36578050
SBER;D;230621;0;241.9;243.92;240.6;242.2;26644780
SBER;D;230622;0;242.1;242.8;240.13;240.66;23093570
SBER;D;230623;0;239.96;240.99;234.34;235.67;61661860
SBER;D;230626;0;239.6;240.5;233.4;238.4;81032100
SBER;D;230627;0;239.02;242.34;236.8;241.21;51321260
SBER;D;230628;0;241.8;241.8;238.6;239.67;28217550
SBER;D;230629;0;239.75;241.26;239.02;239.99;28077670
SBER;D;230630;0;240;240.68;238.36;239.61;24011230
SBER;D;230703;0;240;244.56;239.15;243.33;47207170
SBER;D;230704;0;243.45;243.78;240.61;240.7;41487820
SBER;D;230705;0;241.48;241.9;240.24;240.95;19841190
SBER;D;230706;0;241.45;242.47;240.71;240.96;23175870
SBER;D;230707;0;241.2;243.75;240.7;243.67;30201090
SBER;D;230710;0;244.22;249.45;244.2;249.4;64946220
SBER;D;230711;0;250.02;250.2;246.51;247.99;49073930
SBER;D;230712;0;248.39;249.2;246.1;247.52;39166310
SBER;D;230713;0;247.96;248.15;245.34;246.19;29474970
SBER;D;230714;0;246.3;247.05;244.51;246.45;25576610
SBER;D;230717;0;244.76;246.2;243.6;245.39;35730950
SBER;D;230718;0;245.6;247.5;245.26;246.77;35911790
SBER;D;230719;0;247.21;248.1;245;245.85;31394740
SBER;D;230720;0;246.25;246.25;242.15;242.7;35960520
SBER;D;230721;0;243.17;244.53;241.7;244.13;32120690
SBER;D;230724;0;243.99;245.85;243.52;244.87;19681330
SBER;D;230725;0;245.37;247.77;244.81;247.2;39683790
SBER;D;230726;0;247.22;248.33;245.9;247.05;26031980
SBER;D;230727;0;247.51;249.3;247.24;247.95;39756100
SBER;D;230728;0;247.99;249.45;246.67;249.25;35742280
SBER;D;230731;0;251.35;267.77;251.35;267.4;167081570
SBER;D;230801;0;268.98;273.35;264.1;268.5;162474350
SBER;D;230802;0;268.53;269.97;266.52;268.57;48208590
SBER;D;230803;0;269.01;271.35;266.8;269.11;75376240
SBER;D;230804;0;269.48;272.96;261.21;264.12;132164900
SBER;D;230807;0;266.5;268.09;260.5;261.92;61223950
SBER;D;230808;0;261.91;265.44;258.8;264.62;65005790
SBER;D;230809;0;265.46;265.8;263.05;263.91;34850720
SBER;D;230810;0;264.72;267.5;263.96;266.91;37190100
SBER;D;230811;0;267.2;267.4;264.8;266.23;24716230
SBER;D;230814;0;267.37;268.77;259.15;260.45;86583040
SBER;D;230815;0;259.1;264.17;256.63;260.42;58967150
SBER;D;230816;0;261.29;261.68;254.33;256.02;71737910
SBER;D;230817;0;257.19;258.8;255.5;258.5;35682720
SBER;D;230818;0;258.39;261.37;257.35;261.14;30973320
SBER;D;230821;0;262.33;263.06;259.51;261.15;35622200
SBER;D;230822;0;261.9;262.11;259.81;261.45;25893210
SBER;D;230823;0;261.55;261.83;256;256.4;53079140
SBER;D;230824;0;257.62;259.94;256.4;259.63;26823420
SBER;D;230825;0;258.8;261.6;257.61;260.5;28518670
SBER;D;230828;0;261.25;267.83;260.81;266.93;57849930
SBER;D;230829;0;266.62;267.56;265.14;265.68;35291820
SBER;D;230830;0;265.73;267.36;263.1;264.7;38578950
SBER;D;230831;0;265.05;266.25;264.3;264.85;22557030
SBER;D;230901;0;265.4;265.62;264.06;265;19248500
SBER;D;230904;0;266.5;269.11;266;267.39;47933710
SBER;D;230905;0;266.97;267.98;261.09;264.75;39642920
SBER;D;230906;0;264.33;264.68;262.31;263.5;28244090
SBER;D;230907;0;263.52;264.97;256.1;258.79;67608570
SBER;D;230908;0;258.45;259.33;253.1;255.68;49455340
SBER;D;230911;0;257;258.37;255.16;256.25;43042300
SBER;D;230912;0;257.69;262.4;257.09;262.4;45008650
SBER;D;230913;0;262.38;262.77;257.59;258.18;29971320
SBER;D;230914;0;258.85;261.38;255.02;260;46153720
SBER;D;230915;0;259.8;262.74;258.56;260.83;35455920
SBER;D;230918;0;262.06;263;258.76;259.07;28891500
SBER;D;230919;0;258.93;259.32;251.5;252.72;89480280
SBER;D;230920;0;252.81;255.47;249.82;253.77;66610520
SBER;D;230921;0;252.94;254.2;249.81;250.16;58854870
SBER;D;230922;0;249.85;253.1;248.62;251.99;40406630
SBER;D;230925;0;252.11;253.49;249.83;252.65;31834270
SBER;D;230926;0;252.2;257.17;250.9;255.87;42923170
SBER;D;230927;0;256.26;257.85;254.63;256.1;27795730
SBER;D;230928;0;256.22;258.25;255.5;257.67;26289900
SBER;D;230929;0;257.99;262.59;256.71;260.72;68503050
SBER;D;231002;0;261.38;261.92;257.03;258.98;35447350
SBER;D;231003;0;258.99;260.5;257.23;259.65;23815150
SBER;D;231004;0;259;260.39;258.24;259.53;18510890
SBER;D;231005;0;260.71;261.39;258.26;259.38;23254560
SBER;D;231006;0;259.77;263.4;257.86;262.93;31980230
SBER;D;231009;0;263.02;265.97;263;265.25;45189600
SBER;D;231010;0;264.9;265.18;257;263;33744090
SBER;D;231011;0;263.18;263.99;259.5;260.21;29440350
SBER;D;231012;0;260.03;264.5;259.66;264.5;27421510
SBER;D;231013;0;264.75;265.04;262.7;263.51;18351530
SBER;D;231016;0;263.99;269.2;263.51;268.15;53677710
SBER;D;231017;0;268.25;271.97;266.91;270;51107660
SBER;D;231018;0;270;271.19;266.11;267.9;40249640
SBER;D;231019;0;267.14;271;266.28;268.65;33466930
SBER;D;231020;0;268.5;270.3;266.5;269.8;32851790
SBER;D;231023;0;270.47;274.1;269.65;270.1;62301840
SBER;D;231024;0;270.03;272.06;268.62;271.27;27975250
SBER;D;231025;0;271.5;274.96;270.53;273.73;41764060
SBER;D;231026;0;274.1;276;269.12;269.9;59466100
SBER;D;231027;0;270;271.98;266.8;269.7;49735190
SBER;D;231030;0;269.9;271.55;268.6;269.89;33261680
SBER;D;231031;0;269.91;270.5;266.87;268.35;26117980
SBER;D;231101;0;268.29;270.3;267.6;269.68;20587810
SBER;D;231102;0;270.01;270.98;268.5;269.06;25499750
SBER;D;231103;0;269.07;269.78;267.2;268.54;20968810
SBER;D;231106;0;269;273.87;268.62;273.42;29231770
SBER;D;231107;0;273.08;274.78;272.2;273.31;32183320
SBER;D;231108;0;273.53;278.35;273.28;278.15;58000060
SBER;D;231109;0;278.6;278.85;276.02;276.65;28258660
SBER;D;231110;0;276.99;281.3;276.6;280.19;44600220
SBER;D;231113;0;280.4;284.8;280.32;283.97;45780320
SBER;D;231114;0;283.66;283.88;280.54;280.87;40350240
SBER;D;231115;0;280.87;283.93;278.51;282.89;41784490
SBER;D;231116;0;282.4;283.69;279.56;279.7;24654700
SBER;D;231117;0;279.69;282.5;278.66;281.6;31282610
SBER;D;231120;0;281.8;284.2;281.61;282.91;25219810
SBER;D;231121;0;282.29;283.82;281.66;282.79;19027720
SBER;D;231122;0;283.14;286.67;282.85;286.16;47267490
SBER;D;231123;0;286.16;287.77;285.04;286.19;27692900
SBER;D;231124;0;286.48;287.5;285.11;286.85;26019540
SBER;D;231127;0;287.41;289;278.88;282.33;79026910
SBER;D;231128;0;282.4;282.51;277.32;279.91;45475110
SBER;D;231129;0;279.48;280.56;276.2;276.8;29776060
SBER;D;231130;0;276.71;278.65;272.75;277.5;55837620
SBER;D;231201;0;277.04;277.98;273.55;273.97;31604310
SBER;D;231204;0;273.59;274.95;270.52;270.96;37456310
SBER;D;231205;0;271.97;279.65;270.54;279.62;46800410
SBER;D;231206;0;279.92;280.79;266.83;267.58;99849690
SBER;D;231207;0;267.74;270.44;263.06;265.12;63509590
SBER;D;231208;0;266.01;268.23;263.72;265.16;35322130
SBER;D;231211;0;265.17;266.47;254.81;256.89;77590450
SBER;D;231212;0;256.79;262.88;255.05;257.6;63807080
SBER;D;231213;0;257.58;261.39;256.5;260.45;29760860
SBER;D;231214;0;261.4;262.75;255.58;256.64;40477500
SBER;D;231215;0;256.61;268.91;256.61;268.21;84643800
SBER;D;231218;0;268.9;270.44;266.54;268.4;51515190
SBER;D;231219;0;268.35;269.71;265;267.35;38229660
SBER;D;231220;0;267.52;269.1;266.2;266.61;30929220
SBER;D;231221;0;266.55;266.87;263.5;265.19;33214370
SBER;D;231222;0;266.07;271.9;265.37;271.3;58687300
SBER;D;231225;0;271.75;273.85;270.05;271.08;37827910
SBER;D;231226;0;271;272.89;270;271.9;22575240
SBER;D;231227;0;271.9;272.59;270.85;271.08;17191450
SBER;D;231228;0;270.99;272.48;268.52;271.74;29416450
SBER;D;231229;0;272.08;272.59;270.55;270.82;20792860
SBER;D;240103;0;271.75;274.7;271;274.56;20408560
SBER;D;240104;0;274.68;275.48;273.7;274.12;11679550
SBER;D;240105;0;274.3;274.69;272.8;273.62;9622380
SBER;D;240108;0;273.59;277;273.53;276.76;21427450
SBER;D;240109;0;276.94;278;274.71;275.28;20263120
SBER;D;240110;0;275.3;276.16;273.64;274.49;20618950
SBER;D;240111;0;274.62;275.97;274.01;275.71;19520470
SBER;D;240112;0;275.9;276.96;274.77;275.84;17608350
SBER;D;240115;0;276.3;277.73;275.21;275.96;21283290
SBER;D;240116;0;276.24;276.45;274.1;276.01;16084140
SBER;D;240117;0;276.02;279.17;275.75;278;34137100
SBER;D;240118;0;278.22;278.87;276.76;277.07;17671830
SBER;D;240119;0;277.39;277.47;273.55;274.86;28038880
SBER;D;240122;0;274.89;275.9;273.85;274.93;15050630
SBER;D;240123;0;274.69;277.26;274.31;275.9;20017040
SBER;D;240124;0;275.94;276.44;273.7;273.77;20187430
SBER;D;240125;0;274.03;274.18;271.55;272.81;24422490
SBER;D;240126;0;273.1;273.72;272.21;272.65;11102660
SBER;D;240129;0;273.05;274.95;272.7;274.05;17043130
SBER;D;240130;0;274.05;277.25;273.97;275.67;27222730
SBER;D;240131;0;275.8;276.45;275;276;12527800
SBER;D;240201;0;276.07;277.75;275.93;276.86;15941680
SBER;D;240202;0;277.01;277.3;276;276.74;12688460
SBER;D;240205;0;276.94;278.57;276.9;277.84;16017040
SBER;D;240206;0;278;278.99;277.3;278.67;15925370
SBER;D;240207;0;278.81;284.5;278.81;284.41;45347300
SBER;D;240208;0;284.56;286.24;281.25;282.17;44060410
SBER;D;240209;0;282.16;284;281.5;283.5;24301430
SBER;D;240212;0;283.67;287.84;283.5;287.28;33867350
SBER;D;240213;0;287.52;289;285.4;287.07;33266090
SBER;D;240214;0;287.08;290.6;286.84;289.06;35814960
SBER;D;240215;0;289.26;290.45;287.63;290.24;25888540
SBER;D;240216;0;290.47;292.3;286.25;288.33;53426930
SBER;D;240219;0;288.59;289.98;287.07;288.93;24275510
SBER;D;240220;0;289.23;289.28;283.29;283.9;44931560
SBER;D;240221;0;283.91;285.28;280.2;282;48809450
SBER;D;240222;0;282.24;285.05;282.1;284.77;25107350
SBER;D;240226;0;288.52;291.3;287;291.25;42606720
SBER;D;240227;0;291.34;293;290.55;292.52;32411030
SBER;D;240228;0;292.61;293.95;289.75;291.75;49212360
SBER;D;240229;0;292.3;293.2;291.3;292.19;22398680
SBER;D;240301;0;292.21;295.88;292.21;295.38;27050460
SBER;D;240304;0;295.8;299.5;295.8;299.17;40526260
SBER;D;240305;0;299.32;300.41;297.57;298.4;41691010
SBER;D;240306;0;298.19;299.33;296.82;297.71;17675740
SBER;D;240307;0;297.72;300.58;297.24;300.4;21933870
SBER;D;240311;0;300.99;302.95;298.5;299.79;41634000
SBER;D;240312;0;299.54;301.07;297.34;300.9;28579520
SBER;D;240313;0;301.2;301.49;298.7;298.85;23980400
SBER;D;240314;0;298.47;298.7;295.14;295.83;42076250
SBER;D;240315;0;295.75;299.44;295.29;298.3;26002750
SBER;D;240318;0;299.41;299.98;297.63;298.87;20213950
SBER;D;240319;0;298.3;299.4;294.21;295.2;59646690
SBER;D;240320;0;295.4;296.88;293.52;295.4;30646650
SBER;D;240321;0;295.95;297.3;291.8;295.62;70581560
SBER;D;240322;0;295.77;296.79;291.05;292.99;48966360
SBER;D;240325;0;294;294.93;292.13;293.9;25449910
SBER;D;240326;0;294.44;295.82;293.04;294.11;16268420
SBER;D;240327;0;294.45;295.11;293.47;295.1;14531720
SBER;D;240328;0;295.51;299.3;295.51;299;33617440
SBER;D;240329;0;299.37;299.5;298;298.72;17644190
SBER;D;240401;0;299.99;301.65;299.5;300.43;28378290
SBER;D;240402;0;300.42;300.99;298.95;300.38;19900790
SBER;D;240403;0;300.39;307.13;300.17;306.72;58210390
SBER;D;240404;0;306.8;307.77;304.36;304.61;29046010
SBER;D;240405;0;304.65;306.5;303.7;306.1;19315070
SBER;D;240408;0;306.5;308.6;306.22;307.75;24816860
SBER;D;240409;0;308.1;309.35;305.51;306.76;31960600
SBER;D;240410;0;306.76;307.14;304.62;306.48;20618060
SBER;D;240411;0;306.64;308;305.7;306.95;20511760
SBER;D;240412;0;307.41;307.87;306.3;307.1;16001210
SBER;D;240415;0;307.4;308.39;306.64;307.99;20711610
SBER;D;240416;0;308;308.65;307;308.29;17030710
SBER;D;240417;0;308.64;309.74;305.91;306.59;28070320
SBER;D;240418;0;306.02;308.29;305.05;307.99;20296500
SBER;D;240419;0;308.02;308.38;306.8;307.38;14563250
SBER;D;240422;0;307.99;315;307.38;314.99;68916500
SBER;D;240423;0;315.3;315.79;306.26;307.39;92606890
SBER;D;240424;0;307.52;309.79;306.65;307.94;26515970
SBER;D;240425;0;307.96;309.07;307.45;308.41;15934990
SBER;D;240426;0;308.5;309.9;308;309;21126710
SBER;D;240427;0;309.2;309.99;308.7;308.98;13089900
SBER;D;240429;0;309.13;309.6;307.65;308.97;10004910
SBER;D;240430;0;309.19;309.49;308.03;308.24;5969290
SBER;D;240502;0;308.71;309.19;306.8;307.37;16246440
SBER;D;240503;0;307.16;308.29;304.34;307.53;30440790
SBER;D;240506;0;308.08;308.09;305.55;306.01;19100370
SBER;D;240507;0;306.25;308.87;306.21;308.22;16606530
SBER;D;240508;0;308.41;311.83;308.08;311.21;33875380
SBER;D;240510;0;311.49;313.5;311.31;313.49;16675700
SBER;D;240513;0;314.1;315.7;314.04;314.85;21503920
SBER;D;240514;0;314.98;318.41;313.58;318.12;35181520
SBER;D;240515;0;318.2;320.16;317.7;319.7;28195960
SBER;D;240516;0;320.01;322.91;320;322.91;27790120
SBER;D;240517;0;322.95;323.5;320.02;323.16;24321350
SBER;D;240520;0;324;324.85;318.94;321.08;36547050
SBER;D;240521;0;320.89;322.23;318;320.64;33999260
SBER;D;240522;0;320.84;323.1;320.84;322.93;18635350
SBER;D;240523;0;322.8;324;321.23;323.54;17835590
SBER;D;240524;0;323.83;324.48;319.78;321;26553810
SBER;D;240527;0;321.08;321.95;315.5;317.09;45678990
SBER;D;240528;0;317.49;320.9;315.82;318.22;30148450
SBER;D;240529;0;318.4;320.4;315.92;320.38;22961680
SBER;D;240530;0;320.91;321.55;316;316.63;26931430
SBER;D;240531;0;316.5;318.49;309.8;313.11;49135220
SBER;D;240603;0;313.5;315.5;305;310.95;61756350
SBER;D;240604;0;310.97;316.5;308.8;316.49;33007760
SBER;D;240605;0;316.63;318.28;313.85;314.72;27769570
SBER;D;240606;0;314.7;316.45;311.15;313.08;28304600
SBER;D;240607;0;313.61;320.64;312.73;319.9;44451740
SBER;D;240610;0;320.79;321.98;315.21;317.28;26271510
SBER;D;240611;0;317.5;319.84;315.88;317.8;20045280
SBER;D;240613;0;305.83;317.82;304.14;317.71;40596660
SBER;D;240614;0;317.8;320.7;316.2;319.35;21471310
SBER;D;240617;0;320;320.45;316.85;317.65;15421940
SBER;D;240618;0;317.65;318;313.02;314.34;21995830
SBER;D;240619;0;314.38;314.78;307.51;310.7;42166660
SBER;D;240620;0;310.71;314.72;306.02;314.15;72766890
SBER;D;240621;0;314.9;316;312.6;314.14;29078260
SBER;D;240624;0;314.57;319;314.14;317.25;29541850
SBER;D;240625;0;317.42;319.89;316.28;319.8;25961320
SBER;D;240626;0;320.1;324.56;319.8;324.55;42419730
SBER;D;240627;0;324.8;327.83;322.63;327.16;46744210
SBER;D;240628;0;327.83;329.3;325.8;327.15;40401840
SBER;D;240701;0;327.68;329;326.25;327.1;31651010
SBER;D;240702;0;327.3;328.87;326.82;328.37;21147250
SBER;D;240703;0;328.6;330.45;327;328.2;32149800
SBER;D;240704;0;328.37;329.57;323.81;324.66;40717120
SBER;D;240705;0;324.72;327;321.01;325;40395560
SBER;D;240708;0;325.76;327.44;323.74;324.07;27707420
SBER;D;240709;0;324.32;325.33;317.5;319.99;54117710
SBER;D;240710;0;319.01;320.3;314.3;316.68;88434130
SBER;D;240711;0;289.96;296.98;285.22;295.87;163673770
SBER;D;240712;0;296.01;297.48;290.97;292.21;49886960
SBER;D;240715;0;292.93;293.86;283.5;284.38;58676410
SBER;D;240716;0;284.49;285.69;276.7;285.25;82828490
SBER;D;240717;0;285.84;289.96;283.23;284.68;42767400
SBER;D;240718;0;284.69;289.99;282.73;289.83;34064140
SBER;D;240719;0;290.67;292.58;289.2;289.9;30979970
SBER;D;240722;0;291;294.95;291;294.71;33311040
SBER;D;240723;0;295.45;295.48;293.36;294.39;22093540
SBER;D;240724;0;294.38;296.67;293.2;295.69;24544600
SBER;D;240725;0;295.7;297.3;294.2;296.37;22844710
SBER;D;240726;0;296.4;300;292.67;293.3;84884940
SBER;D;240729;0;292.94;292.94;286;286.58;52219730
SBER;D;240730;0;286.5;291.99;284.32;290;42534130
SBER;D;240731;0;290.46;291.2;288.01;289.3;25920100
SBER;D;240801;0;289.75;290.69;287.04;287.21;18623090
SBER;D;240802;0;287.21;287.99;284.37;286.04;30076980
SBER;D;240805;0;282.79;283.46;275.17;275.49;81937270
SBER;D;240806;0;277.02;281.16;276.35;279.4;43202810
SBER;D;240807;0;280.01;283.27;277.21;282.2;48382920
SBER;D;240808;0;283.25;285.42;280;281.09;42244110
SBER;D;240809;0;280.98;282.67;279.62;281.44;22241490
SBER;D;240812;0;280.17;281.5;278.03;280.74;27637540
SBER;D;240813;0;281.05;284.33;280.42;283.92;24020180
SBER;D;240814;0;284.2;284.7;280.12;280.32;21714850
SBER;D;240815;0;280.62;280.85;276.73;278.01;28609160
SBER;D;240816;0;278.06;279;274.32;274.6;26162430
SBER;D;240819;0;275.08;275.56;265.02;268.17;68554390
SBER;D;240820;0;268.35;269.49;263.36;266.2;54188810
SBER;D;240821;0;266.16;267.8;263.86;266.93;37082330
SBER;D;240822;0;266.93;268.5;260.15;261.6;47832270
SBER;D;240823;0;261.7;262.8;255.56;259.5;76692590
SBER;D;240826;0;263.55;266.95;261.54;265.39;49740810
SBER;D;240827;0;265.82;266.07;259.82;260.5;32322390
SBER;D;240828;0;259.9;262.47;254.99;262.47;47819940
SBER;D;240829;0;262.59;264.19;258.36;260.31;34789950
SBER;D;240830;0;260.55;261.8;254;254.45;46093930
SBER;D;240902;0;254.03;254.2;242.65;244.31;97567000
SBER;D;240903;0;244.39;250;240.01;244.04;105623660
SBER;D;240904;0;244.51;253.5;242.8;253.01;70628230
SBER;D;240905;0;255;258.17;251.11;252.82;78275280
SBER;D;240906;0;253.04;255.35;250.31;254.77;41321430
SBER;D;240909;0;256;263.45;255.3;263.31;66034220
SBER;D;240910;0;264.6;264.61;258.7;261.29;57661380
SBER;D;240911;0;260.8;262;257.5;258.2;38187230
SBER;D;240912;0;257.79;258.68;252.85;254.93;46294910
SBER;D;240913;0;255.18;259.92;248.75;258.25;111072970
SBER;D;240916;0;259.65;264.37;257.8;263.79;52514890
SBER;D;240917;0;264.12;267;260.55;265.99;57482960
SBER;D;240918;0;265.73;267.99;263.15;263.4;43207650
SBER;D;240919;0;263.93;266.19;262.32;264.5;35624340
SBER;D;240920;0;264.55;269.21;264.5;269.08;38731230
SBER;D;240923;0;269.32;273.8;269.3;273.17;49321720
SBER;D;240924;0;273.83;273.94;270.5;272.92;36940480
SBER;D;240925;0;272.93;273.8;267.3;267.8;43747450
SBER;D;240926;0;267.6;269.76;265.41;267.88;31838840
SBER;D;240927;0;268.5;269.7;267.17;268.07;18850980
SBER;D;240930;0;269.25;272.33;268.14;268.49;42404640
SBER;D;241001;0;267.64;268.68;264;266.29;51992710
SBER;D;241002;0;266.28;268;258.52;259.31;46490120
SBER;D;241003;0;259.31;264.49;257.2;264.25;56487900
SBER;D;241004;0;264.95;265.44;262.11;264.09;25906840
SBER;D;241007;0;264.25;267;261.37;263.39;28903960
SBER;D;241008;0;263.19;263.8;261.89;262.4;16119810
SBER;D;241009;0;262.55;263.8;259.59;260.86;24955850
SBER;D;241010;0;260.89;261.64;258.91;259.98;17641350
SBER;D;241011;0;259.81;260.07;256.8;256.94;24807370
SBER;D;241014;0;256.47;263.91;254.1;261.28;64068170
SBER;D;241015;0;260.94;263.7;259.84;262.03;26188700
SBER;D;241016;0;262.06;264.72;258.45;259.5;40177540
SBER;D;241017;0;259.5;260.45;256.03;256.57;24610370
SBER;D;241018;0;256.5;258.9;254.41;257.19;29989090
SBER;D;241021;0;257.27;259.85;256.78;258.21;21431740
SBER;D;241022;0;258.1;258.8;255.25;255.42;17034860
SBER;D;241023;0;255.25;255.9;251.34;252.01;30386580
SBER;D;241024;0;252.02;254.27;250.25;252.64;28722160
SBER;D;241025;0;252.76;255.35;245.7;246.35;80582460
SBER;D;241028;0;245.07;249;241.61;242.56;71823960
SBER;D;241029;0;243.19;244.6;239.88;242.66;47036950
SBER;D;241030;0;242.86;246.22;241.11;241.45;39715140
SBER;D;241031;0;241.39;242.8;236.23;237.9;57012180
SBER;D;241101;0;237.91;239.1;234.57;238.03;48318530
SBER;D;241102;0;237.88;240;237.71;238.97;14853190
SBER;D;241105;0;239.61;241.2;238.07;239.23;28108960
SBER;D;241106;0;247;248.56;242.05;243.6;77709700
SBER;D;241107;0;243.26;251;242.16;250.93;44425190
SBER;D;241108;0;251.5;255.99;250.5;255.98;57955250
SBER;D;241111;0;257.98;261.3;256.49;260.73;67108770
SBER;D;241112;0;259.99;260.7;255.27;255.77;40858380
SBER;D;241113;0;255.3;258.96;254.05;254.7;44517870
SBER;D;241114;0;254.3;255.92;248.6;249.52;48972450
SBER;D;241115;0;249.4;254.43;248.05;253.43;44169640
SBER;D;241118;0;249.09;251.94;247.3;248.72;51127080
SBER;D;241119;0;249.05;249.83;239.62;240.59;75453920
SBER;D;241120;0;241.8;243.59;234.74;237.05;70236990
SBER;D;241121;0;237.16;240.94;234;240.47;75052950
SBER;D;241122;0;240.55;241;234.78;236;45501870
SBER;D;241125;0;236;237.1;227.25;227.81;76358230
SBER;D;241126;0;227.81;231.9;221.2;223.16;96738220
SBER;D;241127;0;223.88;226.47;219.2;226.3;112401690
SBER;D;241128;0;227.06;229.5;222.48;228.56;67717140
SBER;D;241129;0;228.48;236.99;227.55;236.49;70247610
SBER;D;241202;0;237.09;238.7;234.32;235.17;45050170
SBER;D;241203;0;235.29;235.97;230.26;230.8;45313800
SBER;D;241204;0;231.05;233.79;224.3;224.55;72374990
SBER;D;241205;0;224.6;233.75;222.82;233.48;86902200
SBER;D;241206;0;233.63;238.25;231.52;237.84;81003410
SBER;D;241209;0;239.27;240.51;236.75;237.29;52314320
SBER;D;241210;0;238;238.01;230.65;230.82;58548350
SBER;D;241211;0;230.5;234.39;229.22;234.19;64817940
SBER;D;241212;0;234;235.95;228.52;229.02;59118900
SBER;D;241213;0;228.89;231.33;227.85;228.7;46091280
SBER;D;241216;0;228.6;229.05;224.38;225.53;54519260
SBER;D;241217;0;225.58;227.49;223.72;226.5;45827690
SBER;D;241218;0;226.72;230.8;224.33;230.15;58002020
SBER;D;241219;0;230.17;234.99;227.71;229;123831990
SBER;D;241220;0;229.32;258.98;228.03;257.6;235163880
SBER;D;241223;0;260;270;256.51;264.9;162588610
SBER;D;241224;0;264.93;266.79;261.02;264.34;83747800
SBER;D;241225;0;263.64;273;260.31;271.69;125501440
SBER;D;241226;0;272.02;274.25;269.1;269.56;75523970
SBER;D;241227;0;269.69;272.16;268.57;271.2;52121690
SBER;D;241228;0;271.37;273.99;270.4;272.83;39560080
SBER;D;241230;0;273.99;279.49;273.7;279.43;52353840
SBER;D;250103;0;279.99;280.41;271.8;272.25;42928720
SBER;D;250106;0;270.88;274.41;270.07;274.37;28260720
SBER;D;250108;0;273.39;277.87;273.09;277;26185200
SBER;D;250109;0;276.89;278.77;270.73;271.8;52866520
SBER;D;250110;0;272.32;279.53;270.27;278.77;71104590
SBER;D;250113;0;280.65;284.75;278.6;279.8;66252420
SBER;D;250114;0;279.82;282.36;277.41;279.85;45983040
SBER;D;250115;0;280;282.82;276.06;282.77;52822640
SBER;D;250116;0;283.72;284;281.18;281.8;49321630
SBER;D;250117;0;282.2;284.64;280.19;283.53;51815780
SBER;D;250120;0;285.11;286.23;277.61;278.19;67543880
SBER;D;250121;0;279.39;281.85;276.32;281.85;40374630
SBER;D;250122;0;281.94;284;280.2;280.36;47032130
SBER;D;250123;0;280.79;280.79;277.35;280.49;38509890
SBER;D;250124;0;281;282.75;279.25;280.74;32083360
SBER;D;250127;0;280.72;280.97;275.01;275.23;39028630
SBER;D;250128;0;275.25;279.26;274.01;278.35;39024990
SBER;D;250129;0;277.95;282.18;277.12;280.36;39150990
SBER;D;250130;0;280.37;282.5;280.36;281.97;28018670
SBER;D;250131;0;281.83;284.11;280.27;280.73;40327370
SBER;D;250203;0;280.21;280.35;278;279.55;30335260
SBER;D;250204;0;279.55;281.41;275.7;277.4;23982810
SBER;D;250205;0;277.3;283.89;275.34;282.88;43063150
SBER;D;250206;0;283.89;288.92;282.09;287.15;69290140
SBER;D;250207;0;287.66;288.9;285.08;285.81;27610110
SBER;D;250210;0;287.64;294.55;287.61;289.94;72903060
SBER;D;250211;0;290.42;294.1;289.3;294.06;55991750
SBER;D;250212;0;294.3;314.4;291.3;314;185802940
SBER;D;250213;0;315.61;318.72;307.2;310.1;116571990
SBER;D;250214;0;315.59;317.84;303.06;309.87;126690930
SBER;D;250217;0;314;319.55;312.31;319.5;84607980
SBER;D;250218;0;319.9;320.92;310.21;312.95;84855800
SBER;D;250219;0;313.53;317.25;311.01;315.91;50473290
SBER;D;250220;0;315.91;317.96;314.02;315.05;33153140
SBER;D;250221;0;315.48;316.69;312;314.74;32724140
SBER;D;250224;0;314.93;316.4;313;316.03;35706150
SBER;D;250225;0;316.03;318.59;315.62;316.97;38812180
SBER;D;250226;0;317;317.45;308.31;310.22;73822090
SBER;D;250227;0;310.22;312.45;305.43;307.1;60919290
SBER;D;250228;0;306.01;310.4;304.05;309.63;65631160
SBER;D;250301;0;309.84;310.94;309.47;310.11;1138430
SBER;D;250302;0;309.5;309.63;306.8;307.44;1885110
SBER;D;250303;0;306.45;307.92;300.2;305.5;66383120
SBER;D;250304;0;306.43;318.5;306.14;316.4;88099480
SBER;D;250305;0;316.5;318.3;313;313.56;57710050
SBER;D;250306;0;313.63;317.43;313.57;315.18;31957120
SBER;D;250307;0;315.3;321.87;310.69;316.92;110870150
SBER;D;250310;0;317;320.63;316.37;317.57;39294670
SBER;D;250311;0;317.78;321.98;315.57;319.69;64926270
SBER;D;250312;0;319.8;320.9;315.8;318.39;41920410
SBER;D;250313;0;318.39;320.5;312.5;316.37;78546460
SBER;D;250314;0;315.91;321.1;314.12;320.51;51691040
SBER;D;250315;0;320.69;321.3;319.82;320.74;1455280
SBER;D;250316;0;320.52;323.5;320.52;323.44;5680630
SBER;D;250317;0;323.45;326.97;322.62;326.02;58625040
SBER;D;250318;0;326.19;329.77;323.82;324.06;72941970
SBER;D;250319;0;324.49;326.88;322.3;325.3;39792530
SBER;D;250320;0;325.41;326;321.8;324.05;42352140
SBER;D;250321;0;324;326.08;322.15;323.26;28693860
SBER;D;250324;0;323.26;323.94;318.51;319.47;33031030
SBER;D;250325;0;320;322.2;314.65;319.8;48324870
SBER;D;250326;0;320;320.88;315.01;315.23;20575860
SBER;D;250327;0;315.8;317.16;311.95;311.96;36144680
SBER;D;250328;0;311.95;313.65;305.65;308.04;51856020
SBER;D;250329;0;307.8;308.3;302.64;303.89;5739820
SBER;D;250330;0;303.2;305.3;298.8;298.8;8739360
